":START_ID",":END_ID"
"2110","2174"
"2111","2175"
"2112","2176"
"2113","2177"
"2114","2178"
"2115","2179"
"2116","2180"
"2117","2181"
"2118","2182"
"2119","2183"
"2120","2184"
"2121","2185"
"2122","2186"
"2123","2187"
"2124","2188"
"2125","2189"
"2126","2190"
"2127","2191"
"2128","2192"
"2129","2193"
"2130","2194"
"2131","2195"
"2132","2196"
"2133","2197"
"2134","2198"
"2135","2199"
"2136","2200"
"2137","2201"
"2138","2202"
"2139","2203"
"2140","2204"
"2141","2205"
"2142","2206"
"2143","2207"
"2144","2208"
"2145","2209"
"2146","2210"
"2147","2211"
"2148","2212"
"2149","2213"
"2150","2214"
"2151","2215"
"2152","2216"
"2153","2217"
"2154","2218"
"2155","2219"
"2156","2220"
"2157","2221"
"2158","2222"
"2159","2223"
"2160","2224"
"2161","2225"
"2162","2226"
"2163","2227"
"2164","2228"
"2165","2229"
"2166","2230"
"2167","2231"
"2168","2232"
"2169","2233"
"2170","2234"
"2171","2235"
"2172","2236"
"2173","2237"
